id,source,sender,subject,body,timestamp,category,priority_label,action_required,action_text,label_source,confidence,decision_path,parsed_ts,received_date
1994e3749ad2464c,gmail,Google <no-reply@accounts.google.com>,Security alert,"[image: Google]
You allowed Google Drive for desktop access to some of your Google Account
data


siddhuking0207@gmail.com

If you didn't allow Google Drive for desktop access to some of your Google
Account data, someone else may be trying to access your Google Account data.

Take a moment now to check your account activity and secure your account.
Check activity
<https://accounts.google.com/AccountChooser?Email=siddhuking0207@gmail.com&continue=https://myaccount.google.com/alert/nt/1757953868000?rfn%3D127%26rfnc%3D1%26eid%3D-2296844994189637412%26et%3D0>
To make changes at any time to the access that Google Drive for desktop has
to your data, go to your Google Account
<https://accounts.google.com/AccountChooser?Email=siddhuking0207@gmail.com&continue=https://myaccount.google.com/connections/overview/AXgE0HO49F6S7BwFpj-Oiow3dQEReR83FceiJ5ZM7obQniXufva-EkUU1CMMDNoA7H2yNnLzb-6OQwgB6oEcLAUXDFk?utm_source%3Dsec_alert%26utm_medium%3Demail_notification%26force_all%3Dtrue>
You can also see security activity at
https://myaccount.google.com/notifications
You received this email to let you know about important changes to your
Google Account and services.
Â© 2025 Google LLC, 1600 Amphitheatre Parkway, Mountain View, CA 94043, USA
",2025-09-15T16:31:08+00:00,security,high,1,Review security notification / change password if needed,rule+llm_agree,0.98,rule+llm_agree,2025-09-15 16:31:08+00:00,2025-09-15
19948ec15a8527dd,gmail,Telegram <noreply@telegram.org>,Your Code - 32994,"Dear Vicky,

Your code is: 32994. Use it to access your account.

If you didn't request this, simply ignore this message.

Yours,
The Telegram Team
",2025-09-14T15:50:54+00:00,security,high,1,Ignore this message if not requested,llm,0.98,llm,2025-09-14 15:50:54+00:00,2025-09-14
1993d2a5c39da966,gmail,Telegram <noreply@telegram.org>,Your Code - 42246,"Dear Vicky,

Your code is: 42246. Use it to access your account.

If you didn't request this, simply ignore this message.

Yours,
The Telegram Team
",2025-09-12T09:03:29+00:00,transaction,medium,1,Ignore this message if not requested,llm,0.95,llm,2025-09-12 09:03:29+00:00,2025-09-12
199397e83605a09b,gmail,Telegram <noreply@telegram.org>,Your Code - 71401,"Dear Vicky,

Your code is: 71401. Use it to access your account.

If you didn't request this, simply ignore this message.

Yours,
The Telegram Team
",2025-09-11T15:56:55+00:00,transaction,medium,1,Ignore this message if not requested,llm,0.95,llm,2025-09-11 15:56:55+00:00,2025-09-11
19938dfcc81410ce,gmail,"""Jerry Lee, Wonsulting"" <jerrylee@wonsulting.com>",8 interviews in 14 days (how we did it),"Hey Siddhartha,
=C2=A0
Jerry=E2=80=A6=C2=A0
I've been applying for four months and only got two interviews.=C2=A0
What am I doing wrong?

=C2=A0
That text came from my friend Tiff last month. Despite having Google and Ze=
ndesk on her resume, her job search had completely stalled.

Tiff and I met back in 2018 when our teams collaborated at Google, and we'v=
e stayed close ever since.

https://app.wonsulting.ai/community?resume=3Dc725a8b7-7676-4ee1-b796-9dc18b=
9fe410

Us at Google, 2018

=C2=A0
So when she told me she needed help getting interviews, I had to step in. N=
ot as ""Jerry the co-founder,"" but like our coaching team would for any clie=
nt.

We treated her search like a project.

Here's what we did differently:

=E2=9C=93 Define: We picked one target role she'd be excited about and comp=
etitive for.
=E2=9C=93 Package: We rebuilt her resume to the role's success criteria and=
 synced LinkedIn to match.
=E2=9C=93 Launch: We shipped a tight, 50-company application sprint with hi=
gh-fit companies only.

Two weeks later? She's gotten 8+ interviews (=E2=89=8816% interview rate).

=C2=A0
And she's now in final rounds at multiple companies.

When I think about it, Tiff=E2=80=99s biggest hurdle was mindset.=C2=A0

She had been undervaluing her seniority and market value. Our work surfaced=
 wins she had been downplaying and put them front and center.=C2=A0
=C2=A0
I've been there myself.
=C2=A0
When I was job searching, I wish I had someone to help coach me.=C2=A0

I wish I had someone help me realize that I'd been underselling myself and =
targeting the wrong roles.

Sometimes you need that second pair of eyes to see your blind spots.

If your search feels stuck too, remember this framework:

=E2=9C=93 Define one specific role (and its success metrics)
=E2=9C=93 Package your achievements to mirror those metrics (resume + Linke=
dIn)
=E2=9C=93 Launch a short, intense, high-fit sprint

That's what we do at ",2025-09-11T13:03:34+00:00,work,high,1,Respond or prepare deliverables,rule+llm_disagree,0.92,rule+llm_disagree,2025-09-11 13:03:34+00:00,2025-09-11
19938b47f14c83e3,gmail,Nick Saraev <nick@leftclick.ai>,The $5k hiring system (sell to clients),"Today weâ€™ve got another banger Client Ready Workflow for you.

My 7-figure Hiring System.

I like this one for 2 reasons:

* Companies who are hiring are making money. AKA they have money
and can pay for your service.
* Hiring is a hassleâ€¦finding the right people, interviews,
updates. AKA itâ€™s a big problem we can help solve.

Youâ€™ll get:

* A workflow breakdown
* The problem the workflow solves
* How itâ€™s structured/how it works
* A template you can grab for free (and sell to your own clients)

Letâ€™s dive in.

I worked with a 7-figure coaching business that had a big issue:

They were drowning in hiring admin work and losing great
candidates because of slow follow-up.

Think of how many companies say â€œweâ€™ll get back to you in 3 daysâ€
but donâ€™t get back to candidates for 2 weeks.

I built a complete Hiring Automation System for them.

As a result, they reduced hiring admin from ~15 hours to ~2 hours
per week and improved candidate experience dramatically.

Hereâ€™s exactly how it works, why every growing business needs
this, and how you can grab the templates for free.

-----------------------
The Problem This Solves
-----------------------

Some wild stats:

* Stat 1: 70% of job seekers lose interest if they donâ€™t hear
back within one week of an interview (Addison Group)
* Stat 2: 57% of job seekers lose interest when the process drags
on (general study)
* Stat 3: 83% of candidates say a negative interview experience
can change their minds about a role or company they once liked
(LinkedIn)

Which means:

* If youâ€™re slow, youâ€™ll lose applicants
* If you have a bad process, youâ€™ll lose applicants
* If you lose the best applicants, your business will start
underperforming

You can see how this becomes a negative spiral.

What does this tell us?

That by automating your hiring process, you will close better
candidates faster.

--------------------
How The System Works
--------------------

Hereâ€™s the co",2025-09-11T12:16:16+00:00,work,high,1,Respond or prepare deliverables,rule+llm_disagree,0.92,rule+llm_disagree,2025-09-11 12:16:16+00:00,2025-09-11
199382479739b49a,gmail,Telegram <noreply@telegram.org>,Your Code - 95941,"Dear Vicky,

Your code is: 95941. Use it to access your account.

If you didn't request this, simply ignore this message.

Yours,
The Telegram Team
",2025-09-11T09:38:57+00:00,security,high,1,Ignore this message if not requested,llm,0.98,llm,2025-09-11 09:38:57+00:00,2025-09-11
199372381ba46905,gmail,Napkin AI <contact@napkin.ai>,Introducing New Mindmaps in Napkin ğŸš€,"More formats, better orientations, and easier editing for your most-loved visual

Napkin AI Coloured Logo
[https://img.mmdocdn.com/mailmodo/image/upload/ar_568:103,c_crop/v1733926653/editor/p/7648eefe-a944-4e2f-92a7-d39fc3042024/872baa8974466b843efd0d5299424ff0_p3dnir.png]https://www.napkin.ai/

Hi Siddhartha,

Â 

Today, we're excited to share a massive upgrade to one of your most-loved
visuals: Mindmaps. As our most generated visual type, many of you have been
asking for more flexibility. Thatâ€™s why we've expanded beyond a single format to
give you multiple designs, each with various styles, orientations, and the
ability to edit them easily.

A video showing Napkin's new mindmaps
[https://img.mmdocdn.com/mailmodo/image/upload/ar_600:337,c_crop/v1757400829/editor/p/7648eefe-a944-4e2f-92a7-d39fc3042024/b4a10347fbb9144b1094b8f20e81d98e_o3l0t0.png]https://youtu.be/zhl7enbyohk

Hereâ€™s what's new:

Â 

 * More mindmap formats with extensive style options: Napkin now generates
   significantly more mindmap formats and associated styles that not only look
   great but can capture different levels of detail and complexity in your
   ideas, ensuring you can choose the perfect visual for your content.
   Â 
 * Choose from multiple orientation options: New mindmaps support horizontal,
   vertical, and compact formats designed to fit seamlessly in documents,
   presentations, social posts, and reports, so your mindmaps work perfectly
   wherever you need them.
   Â 
 * Simplified editing that maintains layouts: Traditional mindmaps break when
   you edit them due to their complex node structures. With our new mindmaps,
   you can add or modify content without breaking the visual structure -
   mindmaps automatically adjust spacing and organization as you edit.

Â 

These improvements make mindmap creation much faster and easier - so you spend
less time formatting and more time developing your ideas.

Â 

We'd love your feedback

Try the new mindmaps now atÂ Napkin.ai [https://napkin.",2025-09-11T04:58:17+00:00,work,high,1,Respond or prepare deliverables,rule+llm_disagree,0.92,rule+llm_disagree,2025-09-11 04:58:17+00:00,2025-09-11
1993370277da9217,gmail,Telegram <noreply@telegram.org>,Your Code - 38518,"Dear Vicky,

Your code is: 38518. Use it to access your account.

If you didn't request this, simply ignore this message.

Yours,
The Telegram Team
",2025-09-10T11:43:30+00:00,security,high,1,Ignore this message if not requested,llm,0.98,llm,2025-09-10 11:43:30+00:00,2025-09-10
1992e93677995e7f,gmail,Wonsulting <hello@wonsulting.com>,ğŸ’¡The Harvard Interview Secret (95% Get Wrong),"[Shadow]

The Harvard Interview Secrets=C2=A0
(That Most Job Seekers Never Learn)

95% of interview preparation advice is backwards.

Everyone tells you to research the company's history, mission, and values.
=C2=A0
But then you sit there regurgitating facts like a Wikipedia page=F0=9F=98=
=85
=C2=A0
Meanwhile, Harvard graduates who actually get hired are doing something ent=
irely different.

They're preparing for interviews the same way consultants prepare for clien=
t meetings.

Here's their approach=F0=9F=91=87

=E2=80=8A

[Shadow]

Five Steps to Interview Prep

#1: Research the people, not just the company

Harvard students don't just research companies. They research people. They =
use LinkedIn to find the actual humans who'll be in the room. What projects=
 are they working on? What challenges keep them up at night?

#2: Master the 70/30 STAR method

You've heard of STAR (Situation, Task, Action, Result). But Harvard student=
s spend 70% of their time on=C2=A0Action, because that's where you prove yo=
ur value.

#3: Prepare 6 detailed stories

Not bullet points. Stories. Harvard students practice until they sound natu=
ral, not rehearsed. Stories about problem-solving, leadership, and bouncing=
 back from failure.

#4: Ask questions that prove you belong

Instead of ""What's the culture like?"" they ask questions like, ""Given your =
expansion into Southeast Asia, how is this role positioned to support that =
growth?""

One question demonstrates strategic thinking. The other proves you did zero=
 research.

#5: Steer the conversation

Harvard students treat interviews as strategic dialogue, not interrogation.=
 They ask follow-up questions. They build on the interviewer's answers. The=
y make it feel like a business meeting between equals.

But there's something even more powerful...
=C2=A0

[Shadow]

The Truth About Hiring Decisions

=C2=A0
Companies don't hire the most qualified person.

They ",2025-09-09T13:03:55+00:00,work,high,1,Respond or prepare deliverables,rule+llm_disagree,0.92,rule+llm_disagree,2025-09-09 13:03:55+00:00,2025-09-09
1991d2536749be54,gmail,Napkin Team <contact@napkin.ai>,Your Napkin AI Special Beta Pricing Expires Tomorrow,"Hi there, Thanks to the support from beta users like you, we have built a product that millions of people love today. As a thank you gesture, we've kept exclusive pricing just for beta users that you can enjoy for up to 3 years, with the freedom to cancel anytime. Your exclusive beta pricing (annual subscription only): - Plus Plan: $7/month (Up to 40% lower than regular pricing) - Pro Plan: $15/month (Up to 50% lower than regular pricing) Secure Your Beta Pricing: https://url4597.napkin.ai/ls/click?upn=u001.-2BueSqpLDtUB1MTUtyulTGaBvQ5b-2F-2B-2BlhVKDk2qq-2Fre5dbQ07Q75XYKdncTZwziVWXi9G1Xg2Zln-2BfuvWit-2B6jLguTYv-2Bgd-2FaTbbesEAKMnA1XolxigluAh3YWlFQlqcROCdRn4qhD1xCT6GIXUXQhUL4sTwnwx2Hz44yAo3-2BexJn6JiBfvzbw4NOd3QcHU-2Fwk5r-2B8fQFmXIjLuSutSVqfw-3D-3Dss-m_0yTh6PK9dEqs5lunkGoN0Xyg4BEHsANE3mdFI9hxCx8vGYs3huxF5SamFt7crpQKQfRAbbGPE-2F49Jl1xJ4vMz2wTeywskhWtnPGLSvvkZ9gxFeaYl-2B6u3uusMlMf6zIxGjn16bzZVyYuu3w9BBRhRfGz-2FXQDovZ4GaQGiKk6eCQXSpO4LbCGdl2CknDhFt6VvePVtX-2BOYc-2Bi3evqpQfyRt5k-2F0hqZ0fWHMTy8J4ZLmldwTf0kf6cMcfZKRyWcCG3GuM2JaAAy4giWGNo5ahsLQ-3D-3D This special beta pricing is only available for the next 24 hours. After that, we'll need to move you to our Free plan with limited capabilities, and future subscriptions will be at standard pricing. You've been creating amazing visuals with the full Napkin experience. Keep access to everything you're used to â€“ unlimited generations, PPT and SVG exports, custom styles, custom fonts, exclusive designs, and more â€“ by subscribing at special beta pricing (https://url4597.napkin.ai/ls/click?upn=u001.-2BueSqpLDtUB1MTUtyulTGaBvQ5b-2F-2B-2BlhVKDk2qq-2Fre5dbQ07Q75XYKdncTZwziVWXi9G1Xg2Zln-2BfuvWit-2B6jLguTYv-2Bgd-2FaTbbesEAKMnA1XolxigluAh3YWlFQlqcROCdRn4qhD1xCT6GIXUXQhUL4sTwnwx2Hz44yAo3-2BexJn6JiBfvzbw4NOd3QcHU-2FwLzo0tvbhuOgSkKP2wq8XVA-3D-3Ds1HG_0yTh6PK9dEqs5lunkGoN0Xyg4BEHsANE3mdFI9hxCx8vGYs3huxF5SamFt7crpQKQfRAbbGPE-2F49Jl1xJ4vMz0n7Gow2MO9SG0BJndTPdRhufLt2rKkNQGrZlY36iuF8vRvU8soO00sGkKiqC7Xgy-2FnhF13-2BUgUjb7hJnIXnCpvjpo7SxkWM2kg4MSqj",2025-09-06T03:50:01+00:00,security,high,1,Review security notification / change password if needed,rule+llm_disagree,0.92,rule+llm_disagree,2025-09-06 03:50:01+00:00,2025-09-06
198fdaca27b2067a,gmail,pdfFiller <sarah@pdffiller.com>,Watch your ROI grow with pdfFiller,"Digitize and accelerate paper-based processes in different industries. â€Œ â€Œ â€Œ â€Œ â€Œ â€Œ â€Œ â€Œ â€Œ â€Œ â€Œ â€Œ â€Œâ€Œ â€Œ â€Œ â€Œ â€Œ â€Œ â€Œ â€Œ â€Œ â€Œ â€Œ â€Œ â€Œ â€Œâ€Œ â€Œ â€Œ â€Œ â€Œ â€Œ â€Œ â€Œ â€Œ â€Œ â€Œ â€Œ â€Œ â€Œâ€Œ â€Œ â€Œ â€Œ â€Œ â€Œ â€Œ â€Œ â€Œ â€Œ â€Œ â€Œ â€Œ â€Œâ€Œ â€Œ â€Œ â€Œ â€Œ â€Œ â€Œ â€Œ â€Œ â€Œ â€Œ â€Œ â€Œ â€Œâ€Œ â€Œ â€Œ â€Œ â€Œ â€Œ â€Œ â€Œ â€Œ â€Œ â€Œ â€Œ â€Œ â€Œâ€Œ â€Œ â€Œ â€Œ â€Œ â€Œ â€Œ â€Œ â€Œ â€Œ â€Œ â€Œ â€Œ â€Œâ€Œ â€Œ â€Œ â€Œ â€Œ â€Œ â€Œ â€Œ â€Œ â€Œ â€Œ â€Œ â€Œ â€Œâ€Œ â€Œ â€Œ â€Œ â€Œ â€Œ â€Œ â€Œ â€Œ â€Œ â€Œ â€Œ â€Œ â€Œâ€Œ â€Œ â€Œ â€Œ â€Œ â€Œ â€Œ â€Œ â€Œ â€Œ â€Œ â€Œ â€Œ â€Œâ€Œ â€Œ â€Œ â€Œ â€Œ â€Œ â€Œ â€Œ â€Œ â€Œ â€Œ â€Œ â€Œ â€Œâ€Œ â€Œ â€Œ â€Œ â€Œ â€Œ â€Œ â€Œ â€Œ â€Œ â€Œ â€Œ

Start using pdfFiller â†’

Start using pdfFiller â†’

Time is money: save hundreds of hours a year with pdfFiller

Get everything you need to boost your document management in pdfFiller:

Make edits to PDFs faster

Access professional PDFs for any use case

Speed up document workflows

Collect data and payments

eSign and collect signatures

Start using pdfFiller:
https://link.pdffiller.com/r?u=316455959&m=5285766348&t=23972&o=mCxhc90puCrBlU3F2CH4jTf4JGs8tXbZFuhx5GSe2kYZDZbNWoXw0dlXnYOCd1vwSlvuqduQnUZgeG3v74Ph148tCzVaUQTUl4b2pbkAUwN_JDl0nGQcvoO9kV1flbmx4Ufg9neh8ckZXVXL4FwSLf9ZH3JjukcwNgRX4wv2D3YaJAQbn4z1lE6KYQXAPi9wnfEFyd7MFade1eEFUnCHLyCCSbbiT6YYCkvIbynWIWE4T6w3t3m2KoAmGqhgV2JLiQ%3D%3D&s=direct_push

pdfFiller automates the routine challenges that many offices face: collecting information from clients, storing it, and using that information to fill out other forms.

pdfFiller customers are talking:

Itâ€™s so much more work without pdfFiller â€” probably 30-40 hours a month more work if we had to do all the scanning and printing the old way.

*Dr. Meral Elgendy Millennium Chiropractic

â€“ Best regards, Sarah from the pdfFiller Team

Stay connected.

Forgot Password?:
https://link.pdffiller.com/r?u=316455959&m=5285766348&t=23972&o=0n8Oi_gikbyozCbRq2dt6Jizo9HbOTXb4-pA51pxyd8GRHWo-nJEC4to5uqb2zlb5_zo2KFd4EhsF3IU&s=direct_push

Contact Support:
https://link.pdffiller.com/r?u=316455959&m=5285766348&t=23972&o=xS-4dTejmteT4zaTTDPHr6mYE711CS6QzssEITuc6QLdGA9NDdCYc484Zx7HWMYwxUUwhYKhfBRAHQX0k7g%3D&s=direct_push

Terms of Service:
https://link.pdffiller.com/r",2025-08-31T01:10:05+00:00,transaction,high,1,Review booking / invoice / payment details,rule+llm_disagree,0.92,rule+llm_disagree,2025-08-31 01:10:05+00:00,2025-08-31
198f240621f6132b,gmail,Google AI Studio <googleaistudio-noreply@google.com>,Check out nano-banana: our newest image generation model,"Email not displaying correctly? View it  
online<https://notifications.google.com/g/vib/ANiao5o1bxz6Bzlscykb-_zlVaC4jI98h9jAvBFmV06drCqUgZwhTlvqJi8W4tz5BLSFs4-fSRrigA_jM9H39hf8XZg7Gg-Z8JLijU7UVuNFkoqHJ006bidiCcz6a-g4nOll_WY>

Google AI  
Studio<https://c.gle/ANiao5p7-kMATbwV5RKx_phINuUX0W1YuHIq-I1JqyULy92jM_gXCXwbZTkdwTf-3jLPDN4mHcuL173tvXa6e3HiT9DF45G9cLj56mNj_20wrmLkLh662qPhCqeH_kv0nO3jA2nVqpqEmbaRTA>

A visual representation of an AI editing process, featuring a text  
instruction to change a fruit bowl from mixed fruits to bananas, presented  
with the original bowl containing assorted fruits and the transformed bowl  
containing only  
bananas.<https://c.gle/ANiao5p5aaFFJrliCFK5URljRfVZe3Y20X2QWeAA-exylGXuKnQ6XFwDNuc2fbaaDsi_gvuat5d5Z33WzqHi-lp3peMgUb_NlyJPqbZPB5ECuHAvn6YsEmO4nvKlOJ2TcrpVcIhlqJr2t2QseGHahZpgp6eEJ0titCBq85SGmQ_J2KRx5btP6OuEMgtDYsEdUOnP53xlXDnwv8VQQRuY4Wa33ihHYLrxT40HJ81FNpyaDrj7hpZUp0rjrboHH4OgD5vwoxZlZQcvftt_PgtY>

Introducing Gemini 2.5 Flash Image (aka nano-banana)

Start  
building<https://c.gle/ANiao5p_jGPoXIg7R7kAAzSah0efDQow69LhrXL-i78ddeVS8XwT_o_sA9NK_rUszphP224i4c9LqwCy6VRQdU_14rza72JJSqtG7siPCQq4_PsxmZfip6XwJHBqWPCb5Uj5anPEEGBLDShTN3gsX5-TzGhbeja-oSnCmgPP4bE-EpLvNJKQAqLWOQXdsr3jDhPw2TZxBI0TrPTBAcZwX_hWOzmbTnc7mvunpATByhpEWUhZBSZN0mfhy0cP-feTkTxDp_alCOknn_8apVcpf4mOx_AF0o5PkZTO0as>

Hi Siddhartha,

We just released a state-of-the-art native image generation and editing  
model in Gemini 2.5 Flash, now available in preview through the Gemini API.  
Your can try the model free of charge in Google AI  
Studio<https://c.gle/ANiao5rMQwz6v6SaGEB322YbTRsagqYU4WBd7JgODxsbWJfRnf5V0cMh1U1EdengYV0s1ai4aKSxY73WV70B5Zoo2pUkfsRvaWjpIgI9JTC4LP9B1d3lZsDR3iipOvouqc0B-PWer8LkOxl9mxKlvZI4nPYznUGM6kRbw6JPIBdKv4pq8O5JUFLSggh2V0YPZ7qlX4zNYMUjLP6cD1xUTtqjW8jB8uOoMGo7-ddEVBw3mOXcmS8qyNJpNKm5lbwRF4Obhov-58a3LuvhhGatSDnnGK7Foz9550hXoah9PovIoiXf73l_61TEpdW7eH1MUYg43G0ulGB-qq9ywZW2e0zZXGtOtA>.

You can now build interactive, multimodal appl",2025-08-28T19:56:02+00:00,work,high,1,Respond or prepare deliverables,rule+llm_disagree,0.92,rule+llm_disagree,2025-08-28 19:56:02+00:00,2025-08-28
198ecb3b8403021a,gmail,Manus <info@admin.manus.im>,Stop Copy/Paste. Just Forward Emails to Manus.,"Forward threads, attachments, and conversations to create tasks instantlyâ€”no 
tab switchinG. 


 <https://manus.im/app> 


Meet Mail Manus


Turn any email (or entire thread) into a ready-to-run taskâ€”just by forwarding 
it.

â€Š 

Hey ,


You can now email @Manus.Bot directly from Gmail, Outlook, or any inbox.

Start a task by sending a new email or forwarding a conversation with 
attachments. Manus instantly executes the task, processes the context, and 
sends the results back to you.

No more copying text, saving files, or juggling tabs.

â€Š 

Less Busywork, More Focus.


 * One-step task creation: Forward and done.
 * Full-thread understanding: Manus reads and processes context.
 * Attachments preserved: No manual downloads or uploads. 
â€Š 


â€Š 

Top Use Cases


 * Turn Requests into Tasks 



Boss emails a report needing translation? Forward it. Manus creates and runs 
the translation task immediately.


 * Team Thread Summaries 



Forward long internal discussions. Receive summaries and actionable plans.


 * Contract & Proposal Analysis 



Send supplier proposals or contract terms to Manus for quick breakdowns, 
flagging risks, and pricing insights.


 * Recruiting Made Effortless 



Batch-forward candidate emails. Get a clean, structured spreadsheet without 
manual data entry.


 * Expense Management 



Forward invoice emails in bulk. Manus extracts and organizes expense records 
automatically.

â€Š 

Get Started


 * Open Manus and go to Settings.
 * Locate your unique @manus.bot address.
 * Add your authorized personal email(s) so Manus recognizes your forwards.
 * Start forwarding any relevant emails or threadsâ€”Manus takes it from there. 
â€Š 

View My Mail Address  
<https://manus.im/redirect?pc_url=https%3A%2F%2Fmanus.im%2Fapp%3FopenSetting%3DmailManus&mobile_url=https%3A%2F%2Fmanus.go.link%2FbbFRM%3Faction%3Dopen-mail-manus>
â€Š 


â€Š 

The Manus Team





",2025-08-27T18:02:20+00:00,security,high,1,Review security notification / change password if needed,rule+llm_disagree,0.92,rule+llm_disagree,2025-08-27 18:02:20+00:00,2025-08-27
198ccbc237b4eaa6,gmail,Nick Saraev <nick@leftclick.ai>,Sold this photography system for $3k,"Today's Client Ready Workflow solves a problem that costs service
businesses thousands every month: client no-shows.

You'll get:

* A workflow breakdown
* The problem it solves
* How it's structured/how it works
* You can grab the template for free

Let's dive in.

I built a complete Client Management System for a photography
studio that was losing $3,000+ monthly to missed appointments and
poor follow-up.

The result?

Reduced no-shows by 85% and eliminated 12+ hours of weekly admin
work while creating a premium client experience.

Here's exactly how it works, why every service business needs
this, and how you can grab the templates for free.

-----------------------
The Problem This Solves
-----------------------

Here's what every service-based business deals with:

* No-shows are expensive: The average photography session is
worth $500-$1,500. One missed appointment can ruin your entire
day's revenue.
* Manual follow-up takes forever: Sending confirmation emails,
reminder texts, and managing client data eats up 10-15 hours per
week.
* Clients forget appointments: Without proper reminders, even
your best clients will occasionally forget their scheduled
sessions.

Some sobering stats:

* 68% of clients will reschedule if reminded 7 days in advance
(Acuity Scheduling)
* 43% of no-shows happen because clients simply forgot (Calendly)
* Service businesses lose an average of $12,000 annually to
missed appointments (AppointmentPlus)

What does this tell us?

By automating your client management process, you'll save money,
save time, and create a better experience that keeps clients
coming back.

--------------------
How The System Works
--------------------

This is an intelligent 3-part client journey that manages
everything from booking to follow-up.

Here's the complete workflow:

Part 1: Instant Client Organization

* New booking comes in from website (WordPress, Squarespace,
etc.)
* Automatically ",2025-08-21T13:05:37+00:00,transaction,high,1,Review booking / invoice / payment details,rule+llm_disagree,0.92,rule+llm_disagree,2025-08-21 13:05:37+00:00,2025-08-21
198c7bb9f86e9ef6,gmail,Nick Saraev <nick@leftclick.ai>,The Upwork bidding mistake that's costing you clients,"I've made around $500,000 on Upwork using a bidding strategy that
most freelancers think is ""unprofessional.â€

â€‹
Here's what I'm going to show you:

How to get 6 qualified leads in one hour of work (instead of
spending all day crafting ""perfect"" proposals that get ignored).

The plan: I'll break down the exact psychology behind why lower
bids often win more work, the boost strategy that gets 90% of the
benefit for half the cost, and the conversation framework that
turns $1,000 posted budgets into $5,000+ projects.

During last week's community call, someone asked about Upwork
pricing strategy.

They were afraid to bid lower than what clients posted because
they thought it would make them look ""unprofessional"" or ""cheap.""

You do not need to bid exactly what the client posted (or higher)
to be competitive and win projects.

---------------------------------------------------------
Here's what actually happens when you overthink your bids
---------------------------------------------------------

You spend 20 minutes crafting the ""perfect"" proposal. You
research their company. You write custom copy. You bid their
exact amount or higher to ""show you're serious.""

Then... crickets.

Meanwhile, someone else who spent 3 minutes on their application
and bid slightly under gets the call.

Why? Because you're playing the wrong game entirely.

----------------------------------
The better Upwork pricing strategy
----------------------------------

If a client posts a $1,000 fixed-price job, I bid $915.

Not $1,000. Not $1,200 to ""demonstrate my premium value.""

$915.

But here's the key: I don't actually hold myself to that $915.

-------------------------------------------
Here's the psychology behind why this works
-------------------------------------------

Your only job with that initial bid is getting on a call with the
client. That's it.

Once you're on the call, everything changes:

* Time Investment: They've ",2025-08-20T13:46:57+00:00,work,high,1,Respond or prepare deliverables,rule+llm_disagree,0.92,rule+llm_disagree,2025-08-20 13:46:57+00:00,2025-08-20
198b05bd5699dc11,gmail,pdfFiller <sarah@pdffiller.com>,Access legal forms in your pdfFiller account,"Try out all pdfFiller premium features for 30 days at no cost.

â€Œ â€Œ â€Œ â€Œ â€Œ â€Œ â€Œ â€Œ â€Œ â€Œ â€Œ â€Œ â€Œâ€Œ â€Œ â€Œ â€Œ â€Œ â€Œ â€Œ â€Œ â€Œ â€Œ â€Œ â€Œ â€Œ â€Œâ€Œ â€Œ â€Œ â€Œ â€Œ â€Œ â€Œ â€Œ â€Œ â€Œ â€Œ â€Œ â€Œ â€Œâ€Œ â€Œ â€Œ â€Œ â€Œ â€Œ â€Œ â€Œ â€Œ â€Œ â€Œ â€Œ â€Œ â€Œâ€Œ â€Œ â€Œ â€Œ â€Œ â€Œ â€Œ â€Œ â€Œ â€Œ â€Œ â€Œ â€Œ â€Œâ€Œ â€Œ â€Œ â€Œ â€Œ â€Œ â€Œ â€Œ â€Œ â€Œ â€Œ â€Œ â€Œ â€Œâ€Œ â€Œ â€Œ â€Œ â€Œ â€Œ â€Œ â€Œ â€Œ â€Œ â€Œ â€Œ â€Œ â€Œâ€Œ â€Œ â€Œ â€Œ â€Œ â€Œ â€Œ â€Œ â€Œ â€Œ â€Œ â€Œ â€Œ â€Œâ€Œ â€Œ â€Œ â€Œ â€Œ â€Œ â€Œ â€Œ â€Œ â€Œ â€Œ â€Œ â€Œ â€Œâ€Œ â€Œ â€Œ â€Œ â€Œ â€Œ â€Œ â€Œ â€Œ â€Œ â€Œ â€Œ â€Œ â€Œâ€Œ â€Œ â€Œ â€Œ â€Œ â€Œ â€Œ â€Œ â€Œ â€Œ â€Œ â€Œ â€Œ â€Œâ€Œ â€Œ â€Œ â€Œ â€Œ â€Œ â€Œ â€Œ â€Œ â€Œ â€Œ â€Œ

Start using pdfFiller â†’

Start using pdfFiller â†’

Find any state-specific legal form in the largest online library with pdfFiller Premium trial

Get more than a simple PDF editing! Start your pdfFiller 30-day free trial and browse any forms you need from the library trusted by thousands of customers:

Lawyer quality wills, real estate forms, NDAs, and customer contracts.

Providing high-quality legal documents for customers since 1997.

Over 85,000 state and industry-specific legal forms.

TopTenReviews: the #1 Legal Forms Site for 2018.

Start your free 30-day trial and join the company of thousands of professionals:

Start free trial:
https://link.pdffiller.com/r?u=316455959&m=5236171760&t=23959&o=Jb9dCaf7p6AnhCixN7VK9VuofnjYwXxWUDbL3V3i4JFaq7HTcjWtRxpBTz8JMXectRzptzb-OqbFgY-yEofvPpau8WULg3RJSIezFCdjEVHxThdjG0uSZMJdkdjqlWZAWFyUivPxYC6TMYW3fbsdeib3WWgYDXTlnAu_Jo9Y0Z1-IvodPIby0hOu6B0Gbxf8efY7gceUTGOs3c-L4x5rPVR1KYGyCXNHiy3HAMmo0swPnxi7mQDWW4uFdzP4GG84&s=direct_push

If you like using signNow with pdfFiller, select a Premium subscription plan for access to advanced features without any limitations.

Cancel your free trial any time for any reason!

â€“ Cheers, Sarah from the pdfFiller Team

Stay connected.

Forgot Password?:
https://link.pdffiller.com/r?u=316455959&m=5236171760&t=23959&o=rBEOKthYB6wr9jeNTz7lvOwjIDSN5Z1cGE6VFWh3q2sptP1lDTIDCB9rPVPHFjDC6Z9g41nLTMWsupc3&s=direct_push

Contact Support:
https://link.pdffiller.com/r?u=316455959&m=5236171760&t=23959&o=SmHnTKde5-P3Y5qBiShUQTJBsqL8azd_e1QMK33g5h1TVqnPJN627XbrHqk3oCUcOAlZZKSGkNslO73Wp5k%3D&s=direct_p",2025-08-16T00:50:56+00:00,work,high,1,Respond or prepare deliverables,rule+llm_disagree,0.92,rule+llm_disagree,2025-08-16 00:50:56+00:00,2025-08-16
198ac1cb2c13138b,gmail,Cluely <hello@mail.cluely.com>,One-Click Email Follow Ups Are Here,"************************
Instant Follow Up Emails
************************

Activate Listen during meetings for a follow up email and action items at the end of every call. Never miss a to-do again.

Activate Listen ( cluely.com/open?utm_campaign=Release%3A+Instant+Summaries&utm_content=Release%3A+Instant+Summary+and+Follow+Up&utm_medium=email_action&utm_source=customer.io )( https://app.cluely.com/settings/integrations?utm_campaign=Release%3A+Instant+Summaries&utm_content=Release%3A+Instant+Summary+and+Follow+Up&utm_medium=email_action&utm_source=customer.io )â€Š

*****************************************
Forgot to record? Connect Google Calendar
*****************************************

For instant Meeting Summaries connect your Google Calendar. Unlock people search, meeting alerts, and one-click follow up emails all-in-one.

Connect Calendar ( https://app.cluely.com/settings/integrations?utm_campaign=Release%3A+Instant+Summaries&utm_content=Release%3A+Instant+Summary+and+Follow+Up&utm_medium=email_action&utm_source=customer.io )( cluely.com/open?utm_campaign=Release%3A+Instant+Summaries&utm_content=Release%3A+Instant+Summary+and+Follow+Up&utm_medium=email_action&utm_source=customer.io )Sincerely, your real-time desktop assistant.

Enable Call Briefs ( https://app.cluely.com/settings/integrations?utm_campaign=Release%3A+Instant+Summaries&utm_content=Release%3A+Instant+Summary+and+Follow+Up&utm_medium=email_action&utm_source=customer.io )Cluely Logo ( cluely.com/open?utm_campaign=Release%3A+Instant+Summaries&utm_content=Release%3A+Instant+Summary+and+Follow+Up&utm_medium=email_action&utm_source=customer.io )

Manage your account and billing at app.cluely.com.",2025-08-15T05:03:38+00:00,work,high,1,Respond or prepare deliverables,rule+llm_disagree,0.92,rule+llm_disagree,2025-08-15 05:03:38+00:00,2025-08-15
198a981ef460430b,gmail,Nick Saraev <nick@leftclick.ai>,The $300k focus system (how I 10x'd my productivity),"Todayâ€™s Client Ready Workflow is different.

Instead of breaking down a technical automation, Iâ€™m sharing the
personal system that took me from struggling entrepreneur to
$300k/month.

You'll get:

* The complete focus framework I use daily
* Why 99% of people think about focus wrong
* How to implement this system starting today
* The biological and cognitive ""hacks"" that actually work

-----------
The problem
-----------

For 9 years, I tried to build successful businesses. Some failed.
Some did okay. None were home runs.

I'd start projects with massive enthusiasm, get distracted after
a few weeks, jump to the next shiny object, and wonder why
nothing ever worked.

The answer is focus.

Take a look at some of these stats:

* The average knowledge worker checks email every 11 minutes
(RescueTime)
* It takes 23 minutes to fully refocus after an interruption (UC
Irvine study)
* People switch between apps 1,100+ times per day (RescueTime)

Not to mention the number of hours the average person spends
scrolling TikTok, YouTube, and Instagram every day.

------------------------------------------
What your life looks like if you can focus
------------------------------------------

Since mastering focus (and consistency), Iâ€™ve gone from $0 to
$300k+/mo profit in 18 months.

And unlike most businesses, Iâ€™m the one doing everything. No
employees. Which meansâ€¦ Iâ€™ve got to be on my A Game.

Iâ€™m telling you: focus can literally change your life in a matter
of months.

So letâ€™s talk about how to get focused.

------------------------------------------------
The 4-step method to building your focus muscles
------------------------------------------------

Focus is not a light switch.

You donâ€™t turn it off and on. Instead, itâ€™s a dimmer switch. You
can crank it up or crank it down.

Hereâ€™s the 4-part system:

Part 1: Input Elimination (Immediate Results)
---------------------------------------------

Goal: Free u",2025-08-14T16:55:19+00:00,work,high,1,Respond or prepare deliverables,rule+llm_disagree,0.92,rule+llm_disagree,2025-08-14 16:55:19+00:00,2025-08-14
1989ee6a6b4ab2f3,gmail,Anaconda <anaconda@try.anaconda.com>,Skip Environment Setup Headaches - Start Coding in Minutes,"One-click access to Python, Data Science, Finance, and AI/ML environments. 



 <https://www.anaconda.com/>

Sign In <https://anaconda.cloud/sign-in>




Skip the Setup. Start Solving Problems.



 
<https://www.anaconda.com/docs/tools/anaconda-notebooks/anaconda-toolbox/toolbox-environments#installing-a-quickstart-environment>

Hi there,



Stop spending hours configuring environments. Start coding in minutes.



Quick Start Environments give Anaconda users a 1-click option to launch 
pre-configured environments with the key packages needed to be productiveâ€”zero 
configuration required.



What you get:

 * One-click launch - guaranteed to work with Jupyter Notebooks
 * No package conflicts - everything tested together
 * Multiple environments - switch between projects without contamination
 * Expert-curated packages - backed by Anaconda's security and expertise
Choose your environment:



 
<https://www.anaconda.com/docs/tools/anaconda-notebooks/anaconda-toolbox/toolbox-environments#installing-a-quickstart-environment>

Python Starter (New users, custom builders)

Clean foundation you can build on



 
<https://www.anaconda.com/docs/tools/anaconda-notebooks/anaconda-toolbox/toolbox-environments#installing-a-quickstart-environment>

Anaconda Distribution (Data scientists, analysts) Complete data science toolkit



 
<https://www.anaconda.com/docs/tools/anaconda-notebooks/anaconda-toolbox/toolbox-environments#installing-a-quickstart-environment>

AI/ML Starter (ML engineers, AI researchers) Essential machine learning 
packages



 
<https://www.anaconda.com/docs/tools/anaconda-notebooks/anaconda-toolbox/toolbox-environments#installing-a-quickstart-environment>

Finance (For financial analysis) 

Packages for time series, risk modeling, portfolio optimization 




Launch in 5 simple steps:

 * Install/update Anaconda Toolbox (v4.20+)
 * Log into Anaconda AI Platform
 * Open Jupyter Lab or",2025-08-12T15:29:32+00:00,work,high,1,Respond or prepare deliverables,rule+llm_disagree,0.92,rule+llm_disagree,2025-08-12 15:29:32+00:00,2025-08-12
